actor_name,actor_image,actor_movie,actor_info
Amitabh Bachchan,"https://m.media-amazon.com/images/M/MV5BNTk1OTUxMzIzMV5BMl5BanBnXkFtZTcwMzMxMjI0Nw@@._V1_UY209_CR6,0,140,209_AL_.jpg"," Black
","
    Son of well known poet Harivansh Rai Bachchan and Teji Bachchan. He has a brother named Ajitabh. He completed his education from Uttar Pradesh and moved to Bombay to find work as a film star, in vain though, as film-makers preferred someone with a fairer skin, and he was not quite fair enough. But ...                "
Aamir Khan,"https://m.media-amazon.com/images/M/MV5BMjAwMjk3NDUzN15BMl5BanBnXkFtZTcwNjI4MTY0NA@@._V1_UX140_CR0,0,140,209_AL_.jpg"," Taare Zameen Par
","
    Aamir is no doubt one of the most dedicated actors in this world. With his recent success in India and China markets combined he has got the title of World's Biggest Superstar. He went through rapid transformations in his body structure for his films to bring out the reality factor in his ...                "
Ajay Devgn,"https://m.media-amazon.com/images/M/MV5BMTY0MDY2MDMwOV5BMl5BanBnXkFtZTgwNDE4MDM0OTE@._V1_UY209_CR6,0,140,209_AL_.jpg"," Shivaay
","
    Ajay Devgn is an Indian film actor, director, and producer. He made his film debut with Phool Aur Kaante in 1991 and received a Filmfare Award for Best Male Debut for his performance in the film. He then starred in films such as Jigar (1992), Dilwale (1994), Suhaag (1994), Naajayaz (1995), Diljale ...                "
Shah Rukh Khan,"https://m.media-amazon.com/images/M/MV5BZDk1ZmU0NGYtMzQ2Yi00N2NjLTkyNWEtZWE2NTU4NTJiZGUzXkEyXkFqcGdeQXVyMTExNDQ2MTI@._V1_UY209_CR3,0,140,209_AL_.jpg"," Don 2
","
    Shahrukh Khan was born on 2 November 1965 in New Delhi, India. He married Gauri Khan on 25 October 1991. They have three children, son Aryan Khan (b. 1997), son AbRam (b.2013) and daughter Suhana (b. 2000). Khan started out his career by appearing in several television serials during 1988-1990. He ...                "
Irrfan Khan,"https://m.media-amazon.com/images/M/MV5BNDg3NDgxNzY4NF5BMl5BanBnXkFtZTcwODMxODQzMg@@._V1_UY209_CR8,0,140,209_AL_.jpg"," Dabba
","
    Born Sahabzade Irfan Ali Khan, in Jaipur, Rajasthan (NW India) January 7, 1967 to a Pashto speaking Muslim family. Khan's mother, Begum Khan, was from the Tonk Hakim family and his father, Jagirdar Khan, from the Khajuriya village near the Tonk district, ran a tire business.The Khan family name ...                "
Hrithik Roshan,"https://m.media-amazon.com/images/M/MV5BZjYwYjE4YjQtMTFmMi00NTlhLThjZjUtZTIyMTczMGU2ZDE5XkEyXkFqcGdeQXVyNzM2NzM0NDU@._V1_UX140_CR0,0,140,209_AL_.jpg"," Super 30
","
    Hrithik Roshan is an Indian actor, born on 10th January 1974, well known globally for his versatile roles, unmatchable dancing skills and attractive looks.After having appeared in films as a child actor in the 1980s, Roshan made his film debut in a leading role in Kaho Naa... Pyaar Hai (2000) for ...                "
Naseeruddin Shah,"https://m.media-amazon.com/images/M/MV5BMTQ4MDcyOTExOV5BMl5BanBnXkFtZTgwOTQyMDU0OTE@._V1_UY209_CR12,0,140,209_AL_.jpg"," The League of Extraordinary Gentlemen
","
    Naseeruddin Shah was born on July 20, 1950 in Barabanki, Uttar Pradesh, India. He is an actor, known for The League of Extraordinary Gentlemen (2003), A Wednesday (2008) and Jaane Bhi Do Yaaro (1983). He has been married to Ratna Pathak Shah since April 1, 1982. They have three children.                "
Akshay Kumar,"https://m.media-amazon.com/images/M/MV5BODI4NDY1NzkyM15BMl5BanBnXkFtZTgwNzM3MDM0OTE@._V1_UY209_CR13,0,140,209_AL_.jpg"," Hera Pheri
","
    Akshay Kumar, born September 9, 1967, is an actor. He studied martial arts in Hong Kong. It was a student that suggested that he try modeling. Because of his success as model, he was offered films. Along with his good looks and excellent martial art skills, he was always the first choice to do ...                "
Salman Khan,"https://m.media-amazon.com/images/M/MV5BMjMwNTIxODg0OF5BMl5BanBnXkFtZTgwODg2NzM0OTE@._V1_UY209_CR7,0,140,209_AL_.jpg"," Sultan
","
    Born on December 27, 1965 Salman Khan is the son of the legendary writer Salim Khan, who penned many super-hits in the yesteryear's like Sholay (1975), The Wall (1975), and Don (1978). Salman started his acting carrier in 1988 by doing a supporting role in the movie How a Wife Should Be (1988). The ...                "
Manoj Bajpayee,"https://m.media-amazon.com/images/M/MV5BMzUxODk5MmEtZGQxOC00NzUxLWI5YTEtYWFjMjZmZTIwNTA5XkEyXkFqcGdeQXVyMTExNDQ2MTI@._V1_UY209_CR8,0,140,209_AL_.jpg"," Gangs of Wasseypur
","
    Manoj Bajpayee was born on April 23, 1969 in Belwa, Bihar, India. He is known for his work on Gangs of Wasseypur (2012), Satya (1998) and Reflection (2001). He has been married to Neha since February 23, 2005.                "
Anupam Kher,"https://m.media-amazon.com/images/M/MV5BMjMyMjc1OTgzNF5BMl5BanBnXkFtZTgwMDY1NDMzOTE@._V1_UY209_CR3,0,140,209_AL_.jpg"," Silver Linings Playbook
","
    Anupam Kher was born on March 7, 1955 in Shimla, Himachal Pradesh, India. He is an actor and producer, known for Silver Linings Playbook (2012), A Wednesday (2008) and M.S. Dhoni: The Untold Story (2016).                "
Ranveer Singh,"https://m.media-amazon.com/images/M/MV5BMTExOTcwMDU4NTReQTJeQWpwZ15BbWU3MDA0MjE1MTc@._V1_UY209_CR1,0,140,209_AL_.jpg"," Gully Boy
","
    Ranveer Singh is an Indian actor working in Bollywood. Born in Mumbai, India, Ranveer Singh had always wanted to be an actor since his childhood. However, during his college days he felt that the idea of acting was far-fetched and focused on creative writing. While pursuing his Bachelor of Arts ...                "
Ranbir Kapoor,"https://m.media-amazon.com/images/M/MV5BMTk2ODU5Mjk2MV5BMl5BanBnXkFtZTcwODEzNDg3OA@@._V1_UX140_CR0,0,140,209_AL_.jpg"," Rockstar
","
    Son of Rishi Kapoor and Neetu Singh; nephew of actors Randhir Kapoor, Rajiv Kapoor, Kunal Kapoor. Grandnephew of actors Shashi Kapoor, Jennifer Kendal, Shammi Kapoor, Geeta Bali; cousin of actresses Kareena Kapoor, Karisma Kapoor.Belongs to the fourth generation of highly prestigious and considered ...                "
Nawazuddin Siddiqui,"https://m.media-amazon.com/images/M/MV5BMTU5NTQwMTI0NV5BMl5BanBnXkFtZTcwNzQyNTgxOA@@._V1_UX140_CR0,0,140,209_AL_.jpg"," Bajrangi Bhaijaan
","
    Nawazuddin Siddiqui (born 1974) also known as Nowaz is an Indian film actor who has appeared in some of Bollywood's major films including, Black Friday (2004), New York (2009), Peepli Live (2010), Kahani (2012), Gangs of Wasseypur (2012) and Gangs of Wasseypur - Part 2 (2012).Early life and ...                "
Kay Kay Menon,"https://m.media-amazon.com/images/M/MV5BMTY4MjgwODk4MF5BMl5BanBnXkFtZTgwNzAxNzE0MjE@._V1_UY209_CR87,0,140,209_AL_.jpg"," Haider
","
    Kay Kay Menon was born on October 2, 1966 in Kerala, India as Krishna Kumar Menon. He is an actor, known for Haider (2014), Black Friday (2004) and The Abeer Color (2009). He is married to Nivedita Bhattacharya.                "
Saif Ali Khan,"https://m.media-amazon.com/images/M/MV5BMTUyNjI2NTg3M15BMl5BanBnXkFtZTcwNDEzNDg3OA@@._V1_UX140_CR0,0,140,209_AL_.jpg"," Kal ho naa ho
","
    Saif is the son of Bollywood actress, Sharmila Tagore, and Indian cricketer, Mansoor Ali Khan.Both his grandfather, Iftikhar Ali Khan Pataudi, and father were professional cricketers. His mother, Sharmila Tagore, an actress within her own rights. He has two sisters, Bollywood actress Soha Ali Khan,...                "
Rishi Kapoor,"https://m.media-amazon.com/images/M/MV5BMjJmNjM1YmUtNTA2Zi00Y2U0LTgyZTItMjQ5MTE4NWJhMDgyXkEyXkFqcGdeQXVyMTExNDQ2MTI@._V1_UY209_CR10,0,140,209_AL_.jpg"," Agneepath
","
    Born in south Mumbai, Kapoor is the second son of film director and actor Raj Kapoor. He did his schooling with his brothers at Campion School,Mumbai. His brothers are well-known actors, Randhir Kapoor and Rajiv Kapoor.Rishi Kapoor debuted in his father's 1970 film Mera Naam Joker, playing his ...                "
Anil Kapoor,"https://m.media-amazon.com/images/M/MV5BMjUyMWE5MjUtMDlkMC00ODc0LThkOTgtNjZhNDgyMTU5ZDhlXkEyXkFqcGdeQXVyMTExNDQ2MTI@._V1_UX140_CR0,0,140,209_AL_.jpg"," Slumdog Millionaire
","
    Living in a Chawl in Tilak Nagar, Punjabi-speaking Anil was born in 1959 to Surinder and Nirmal aka Suchitra Kapoor. He has an elder brother, Boney, a sister, Reena, and a younger brother, Sanjay. His dad used to be Shammi Kapoor's Secretary.A loner, without many friends, he studied in the nearby ...                "
Nana Patekar,"https://m.media-amazon.com/images/M/MV5BMjI4MzQyODYwOF5BMl5BanBnXkFtZTgwMTcxMTIzOTE@._V1_UY209_CR87,0,140,209_AL_.jpg"," Krantiveer
","
    Vishwanath Patekar (born on January 1, 1951 in Murud-Janjira, Maharashtra, India) is an actor, writer and filmmaker. He is known for his work on Ab Tak Chhappan (2004), Politics (2010) and Parinda (1989). He made his acting debut in the early 70's and since then has been nominated for multiple ...                "
Om Puri,"https://m.media-amazon.com/images/M/MV5BMTc4MjA5ODY4NF5BMl5BanBnXkFtZTcwNjUyMDUxMQ@@._V1_UY209_CR6,0,140,209_AL_.jpg"," The Hundred-Foot Journey
","
    Om Puri was an Indian actor who has appeared in both mainstream Indian films and art films. His credits also include appearances in British and American films. He has received an honorary OBE.Puri was born in Ambala, Haryana. His father worked on the railways and served in the Indian Army. Puri ...                "
Pankaj Kapur,"https://m.media-amazon.com/images/M/MV5BZTY2NjI0ZjYtMDM2My00ZjE1LWFiNmQtYWI3OGY2NDgwNTE3XkEyXkFqcGdeQXVyMTExNDQ2MTI@._V1_UY209_CR3,0,140,209_AL_.jpg"," Maqbool
","
    Pankaj Kapur the acclaimed film, television and stage actor signified the young crop of great actors of which Om Puri, Naseeruddin Shah and Ifran Khan formed a part. Unlike his other counterparts Kapur hasn't broken the vow to work only in good Art and Independent projects. A perfect actor Pankaj ...                "
Shahid Kapoor,"https://m.media-amazon.com/images/M/MV5BMjc5NTM5NjUyMV5BMl5BanBnXkFtZTgwMDEwMzU1OTE@._V1_UX140_CR0,0,140,209_AL_.jpg"," Haider
","
    Shahid's rise to stardom reads like a bollywood script: from a struggler to a winner. With his hard work, perseverance and sincerity, he has written his own destiny.Shahid is a mine of unabashed talent and spark, beneath his calm and innocent veneer. Shahid Kapoor is young and vibrant, with a ...                "
John Abraham,"https://m.media-amazon.com/images/M/MV5BMTY1MDUyMjI1N15BMl5BanBnXkFtZTYwMjg4MjA0._V1_UX140_CR0,0,140,209_AL_.jpg"," Dhoom
","
    Born and brought up in Mumbai, India, John Abraham is one of the most successful male models in India. John grew up in a middle class family. His father Abraham John is a Syrian Christian (Nasrani or Saint Thomas Christian) from Aluva, Kerala, India and his mother Firoza Irani is a Zoroastrian ...                "
Varun Dhawan,"https://m.media-amazon.com/images/M/MV5BMjM0NTM3ODY4Ml5BMl5BanBnXkFtZTgwNTA4MDM0OTE@._V1_UY209_CR2,0,140,209_AL_.jpg"," Badlapur
","
    Varun Dhawan was born on April 24, 1987 in Mumbai, Maharashtra, India. He is an actor and assistant director, known for City of Revenge (2015), October (2018) and The Bride of Humpty Sharma (2014).                "
Sidharth Malhotra,"https://m.media-amazon.com/images/M/MV5BNDQyNjk3Mzk3OF5BMl5BanBnXkFtZTgwOTYyODMxMTE@._V1_UY209_CR87,0,140,209_AL_.jpg"," Hasee Toh Phasee
","
    Sidharth Malhotra was born on January 16, 1985 in Delhi, India. He is an actor and assistant director, known for Hasee Toh Phasee (2014), Student of the Year (2012) and Coincidence (2017).                "
Abhay Deol,"https://m.media-amazon.com/images/M/MV5BMTU2NzkzODA3OV5BMl5BanBnXkFtZTcwMzk2MDMyOA@@._V1_UX140_CR0,0,140,209_AL_.jpg"," Zindagi Na Milegi Dobara
","
    Abhay Deol (born in 1976, India) is an Indian film actor. He is the nephew of famous veteran actor Dharmendra and cousin of actors Sunny Deol and Bobby Deol and actress Esha Deol. After graduating from Mumbai University, Abhay headed to Los Angeles and studied Fine Arts. After completing a two year...                "
Emraan Hashmi,"https://m.media-amazon.com/images/M/MV5BMjA4Nzk3MDU0OV5BMl5BanBnXkFtZTgwMTEyMDU0OTE@._V1_UX140_CR0,0,140,209_AL_.jpg"," Once Upon a Time in Mumbaai
","
    Emraan Hashmi was born 24 March 1979) is an Indian film actor who appears in Hindi languagefilms. Through his successful career, Hashmi has received three Filmfare Award nominations and has established himself as one of the most popular and highest-paid actor of Hindi cinema.Hashmi, member of the ...                "
Sanjay Dutt,"https://m.media-amazon.com/images/M/MV5BNzU2NTgwNzY1OF5BMl5BanBnXkFtZTcwMjQxNzcxOA@@._V1_UY209_CR87,0,140,209_AL_.jpg"," Munna Bhai M.B.B.S.
","
    Sanjay Dutt, son of Nargis and Sunil Dutt, was first featured in Rocky (1981), the movie was a box office hit.Sanjay's personal life was exacerbated by drug problems, and he later lost his wife Richa Sharma, to cancer. He was also arrested for having illegal weapons, and was imprisoned. After his ...                "
Farhan Akhtar,"https://m.media-amazon.com/images/M/MV5BMjA4MjYwNzAzM15BMl5BanBnXkFtZTcwMzUyMTUxNw@@._V1_UX140_CR0,0,140,209_AL_.jpg"," Zindagi Na Milegi Dobara
","
    An accomplished and award-winning producer-director-writer-actor-singer, Farhan Akhtar is the ultimate Bollywood multi-hyphenate. Born in 1974 to prolific Indian film writer and poet, Javed Akhtar and writer-director, Honey Irani , Farhan was raised in an environment where creativity and ...                "
Piyush Mishra,"https://m.media-amazon.com/images/M/MV5BMDc5MGFlZTMtMmQ1Zi00YjkxLWE3ZGItZGNkNTExYjJhNGFhXkEyXkFqcGdeQXVyMTExNDQ2MTI@._V1_UY209_CR9,0,140,209_AL_.jpg"," Gangs of Wasseypur
","
    Piyush Mishra, is an Indian film actor, music director ,lyricist, singer, script and dialogue writer, and a well known theatre director and Hindi playwright. He spent his early life in Gwalior, where he received his education.Theater and television After his graduation from National School of Drama...                "
Arshad Warsi,"https://m.media-amazon.com/images/M/MV5BNmMwOGYwMjUtN2M5My00ODIxLWI3ZjctODM2MGI4OGQzOWM0XkEyXkFqcGdeQXVyMTExNDQ2MTI@._V1_UY209_CR6,0,140,209_AL_.jpg"," Munna Bhai M.B.B.S.
","
    Arshad Warsi was born in Mumbai, India, and did his schooling at a boarding school, Barnes School, Deolali in Nashik district, Maharashtra. He was orphaned at the age of 14 and struggled for a living in Mumbai during his early days.Financial circumstances forced Warsi to start work as a door-to-door...                "
Randeep Hooda,"https://m.media-amazon.com/images/M/MV5BMjk4NjkxNTkxMl5BMl5BanBnXkFtZTgwMzUwNDA3NDE@._V1_UY209_CR34,0,140,209_AL_.jpg"," Sarbjit
","
    Randeep Hooda was born in a small village called Daseya in the Rohtak district of Haryana. His mother, Asha Hooda, is a BJP politician and his father is a surgeon by profession. He did schooling from Delhi Public School before moving to Australia for higher studies. He is Bachelors in Marketing & ...                "
Jackie Shroff,"https://m.media-amazon.com/images/M/MV5BYzczOGViODMtMWY1Yi00ZTAwLTkzZjItYzlmMzU0NmM5YjBmXkEyXkFqcGdeQXVyMjYwMDk5NjE@._V1_UY209_CR16,0,140,209_AL_.jpg"," Devdas
","
    Jaikishen was born in the Gujarati-speaking Shroff family on February 1, 1957. His dad's name is Kakubhai, his brother's is Hemant, and they live in Bandra, Bombay in a bungalow named 'Le Pepeyon".A vegetarian, Jaikishen made his Bollywood debut in a bit-role as a villain in the hit Heera Panna (...                "
Sunny Deol,"https://m.media-amazon.com/images/M/MV5BMjEwOTA2MjMwMl5BMl5BanBnXkFtZTcwODc3MDgxOA@@._V1_UY209_CR3,0,140,209_AL_.jpg"," Ghayal
","
    Ajay Singh Deol popularly known as Sunny Deol was born to actor Dharmendra and Prakash Kaur. Sunny began acting with super hit film Betaab (1983) which was a love story also featuring another new comer Amrita Singh; this film was a major success and then he goes on making films which portrayed him ...                "
Mithun Chakraborty,"https://m.media-amazon.com/images/M/MV5BMjQwNDUxMzY4Ml5BMl5BanBnXkFtZTgwMTgxMTIzOTE@._V1_UY209_CR6,0,140,209_AL_.jpg"," OMG: Oh My God!
","
    Mithun Chakraborty was born on June 16, 1947 in Barisal, Bengal Presidency, British India as Gouranga Chakraborti. He is an actor, known for OMG: Oh My God! (2012), Vivekananda (1994) and Guru (2007). He has been married to Yogeeta Bali since July 1982. They have four children. He was previously ...                "
Riteish Deshmukh,"https://m.media-amazon.com/images/M/MV5BMTU3NDM3NDM3Ml5BMl5BanBnXkFtZTgwMzk4ODEzOTE@._V1_UY209_CR8,0,140,209_AL_.jpg"," Ek Villain
","
    Riteish Deshmukh is an Indian actor, producer and architect who appears in Bollywood films. He is the son of Late. Vilasrao Deshmukh, the former Union Minister for Science, Technology and Earth Sciences, Government of India, and the former Chief Minister of Maharashtra. Riteish debuted with K. ...                "
Arjun Rampal,"https://m.media-amazon.com/images/M/MV5BMTg0NTAzOTU4Ml5BMl5BanBnXkFtZTcwMzg1MjUyOA@@._V1_UX140_CR0,0,140,209_AL_.jpg"," Om Shanti Om
","
    From Jabalpur, Arjun Rampal went to Delhi to complete his education.At a party in Delhi, Fasion Designer Rohit Bal spotted Arjun Rampal and cast him as a male model in his shows.In 1994, Arjun proclaimed the title for 'Society's Face Of The Year'. And soon after went on to become an Indian ...                "
Arjun Kapoor,"https://m.media-amazon.com/images/M/MV5BMTU4ODM3ODA0Ml5BMl5BanBnXkFtZTgwNzA4MTgzMTE@._V1_UY209_CR87,0,140,209_AL_.jpg"," Gunday
","
    Arjun Kapoor was born on June 26, 1985 in Bombay, Maharashtra, India. He is an actor and assistant director, known for Gunday (2014), Tevar (2015) and Ishaqzaade (2012).                "
Abhishek Bachchan,"https://m.media-amazon.com/images/M/MV5BMTk1NjU1NjkxN15BMl5BanBnXkFtZTcwNDI4MDMzMg@@._V1_UY209_CR7,0,140,209_AL_.jpg"," Happy New Year
","
    Aquarian Abhishek Srivastav was born in February 5, 1976, son of Bollywood mega-stars, Jaya Bhaduri and Amitabh Bachchan, brother to Shweta, uncle to her two children (Navya Naveli & Agastye), and the grandson of Harivansh Rai Srivastav, Hindu and Urdu poet, who wrote under the pen-name of ...                "
Vivek Oberoi,"https://m.media-amazon.com/images/M/MV5BMjA0NjYxODI4MF5BMl5BanBnXkFtZTgwMDcwMDMzOTE@._V1_UX140_CR0,0,140,209_AL_.jpg"," Company
","
    Vivek Oberoi was born on the 3rd of September,1976 and attended Mayo college in Ajmer. At an actors' workshop in London he was spotted by none other than the director of NYU who (unsurprisingly) whisked Vivek off to New York, where he completed his Masters Degree in film acting. Back home in India ...                "
Akshaye Khanna,"https://m.media-amazon.com/images/M/MV5BMjAxNDQyNDkxM15BMl5BanBnXkFtZTcwNTQyNTA0MQ@@._V1_UY209_CR87,0,140,209_AL_.jpg"," Dil Chahta Hai
","
    Akshaye Khanna was born in Mumbai in 1975. He is the middle son of Bollywood actor and politician Vinod Khanna, and the younger brother of actor Rahul Khanna.After studying in Kishore Namit Kapoor Acting Institute in Mumbai, Khanna made his acting debut in Bollywood in 1997 with the movie Himalay ...                "
Madhavan,"https://m.media-amazon.com/images/M/MV5BZjQ4NWIwYzYtOTYwZC00ZDI4LWFmYWEtZjhmNTE3ODVhYzJkXkEyXkFqcGdeQXVyOTc1MzM5MA@@._V1_UY209_CR8,0,140,209_AL_.jpg"," Vikram Vedha
","
    Madhavan was born on June 1, 1970, in a Tamil-speaking family.At the age of 18 his college entrusted him with the responsibility of representing India as a Cultural Ambassador to Canada.A year later he and three others from his college were sent to Britain as army cadets and received training in ...                "
Ayushmann Khurrana,"https://m.media-amazon.com/images/M/MV5BOTk4MDY4ODAwNl5BMl5BanBnXkFtZTcwNzQ0MjY2Nw@@._V1_UY209_CR87,0,140,209_AL_.jpg"," Andhadhun
","
    Ayushmann Khurrana was born on 14 September 1984 in Chandigarh, India. Ayushmann started off his career as a popular radio jockey, and eventually became a VJ on MTV India and one of the most popular hosts in India. He shot to stardom with the runaway hit, 'Vicky Donor' in 2012. His effortless act ...                "
Sharman Joshi,"https://m.media-amazon.com/images/M/MV5BYWE5MWNkYWQtZTZjZS00N2U0LTgzNzMtNzZkMzJmMWYzZWNkXkEyXkFqcGdeQXVyMTExNDQ2MTI@._V1_UY209_CR3,0,140,209_AL_.jpg"," 3 Idiots
","
    Sharman Joshi was born on April 28, 1979 in Bombay, Maharashtra, India. He is an actor, known for 3 Idiots (2009), Rang De Basanti (2006) and Hotchpotch: Fun Unlimited (2006). He has been married to Prerna Chopra since 2000. They have three children.                "
Ronit Roy,"https://m.media-amazon.com/images/M/MV5BMjQzMjEyMDY1Nl5BMl5BanBnXkFtZTgwNTM3OTczOTE@._V1_UY209_CR3,0,140,209_AL_.jpg"," Udaan
","
    Ronit Roy was born on October 11, 1965 in Nagpur, Maharashtra, India as Ronit Bose Roy. He is an actor, known for Udaan (2010), Kaabil (2017) and Kasautii Zindagii Kay (2001). He has been married to Neelam Singh since December 25, 2003. They have two children.                "
Govinda,"https://m.media-amazon.com/images/M/MV5BNzEwNDgwMTk3Nl5BMl5BanBnXkFtZTgwNjMwOTU4MDI@._V1_UY209_CR14,0,140,209_AL_.jpg"," Partner
","
    Govinda was born on December 21, 1963. Govinda has acted in over 120 films since his debut in 1986. Govinda is best-known for his comedy related roles; his powerful contribution in dancing in bollywood is inevitable. He is one of the most successful actors and is definitely the best dancer in ...                "
Sunil Shetty,"https://m.media-amazon.com/images/M/MV5BODUwMzUyNTUxMl5BMl5BanBnXkFtZTcwNDM2ODIyOA@@._V1_UY209_CR3,0,140,209_AL_.jpg"," Main Hoon Na
","
    Sunil Shetty made his debut in 1992 with Balwaan (1992), which was not a major hit. Yet his great acting skills got noticed. For two years success eluded him until action thriller Mohra (1994) came along in 1994. Then followed his success streak with a comical film Gopi Kishan (1994) in which he ...                "
Vijay Raaz,"https://m.media-amazon.com/images/M/MV5BOTc2ODgwODcxOF5BMl5BanBnXkFtZTgwNzM1MzYwMTE@._V1_UX140_CR0,0,140,209_AL_.jpg"," Monsoon Wedding
","
    Vijay Raaz was born and raised in Delhi where he attended Kirori Mal College. While at college he was a part of the dramatic society The Players. He also appeared in plays at the National School of Drama. He decided to focus on a film career and moved to Mumbai where he received a role in Ram Gopal...                "
Vinay Pathak,"https://m.media-amazon.com/images/M/MV5BMTgxODI1NTI2MV5BMl5BanBnXkFtZTgwODgxODYyNjE@._V1_UY209_CR86,0,140,209_AL_.jpg"," Bheja Fry
","
    Vinay Pathak was born on July 12, 1968 in Bhojpur District, Bihar, India. He is an actor and writer, known for Bheja Fry (2007), Rab Ne Bana Di Jodi (2008) and My Name Is Khan (2010).                "
Jimmy Sheirgill,"https://m.media-amazon.com/images/M/MV5BMjM2MTc1NTk5OF5BMl5BanBnXkFtZTgwOTI4NDczMDE@._V1_UY209_CR86,0,140,209_AL_.jpg"," A Wednesday
","
    Shergill was born in a Sikh family in Gorakhpur, Uttar Pradesh. He moved to Punjab, the place of his ancestors, in 1985 where he studied in Yadavindra Public School, Patiala and Bikram College Patiala. He learnt acting from Sri Harpal Singh, and then moved to Mumbai to work in the entertainment ...                "
Ranvir Shorey,"https://m.media-amazon.com/images/M/MV5BMTIzOTE5MzMyMl5BMl5BanBnXkFtZTcwMjAyNzAyMg@@._V1_UY209_CR87,0,140,209_AL_.jpg"," Ek Tha Tiger
","
    Ranvir comes from a family of movie professionals. His father is Writer, Producer and Director KD Shorey and He has 2 older Brothers, Lokesh Shorey an actor and Shrinath Shorey a movie Writer and Director. Ranvir though born in Panjab, was raised and educated in Mumbai. He was very active in ...                "
Tusshar Kapoor,"https://m.media-amazon.com/images/M/MV5BMTU0MjEzMjM4NV5BMl5BanBnXkFtZTgwNjUwMDMzOTE@._V1_UY209_CR14,0,140,209_AL_.jpg"," Golmaal: Fun Unlimited
","
    Tusshar Kapoor is an Indian actor. He is the son of Bollywood actor Jeetendra and Shobha Kapoor and brother of Ekta Kapoor. He studied at the University of Michigan and graduated with a BBA from the Stephen M. Ross School of Business.Tushar made his debut with Mujhe Kucch Kehna Hai alongside Kareena...                "
Aditya Roy Kapoor,"https://m.media-amazon.com/images/M/MV5BZmNlODEzM2YtOTUyOS00MDVmLTk4YzgtMzAxZmQ2ZDBkNTAyXkEyXkFqcGdeQXVyMTExNDQ2MTI@._V1_UY209_CR6,0,140,209_AL_.jpg"," Aashiqui 2
","
    Aditya Roy Kapoor was born on November 16, 1985 in Bombay, Maharashtra, India. He is an actor, known for Aashiqui 2 (2013), Yeh Jawaani Hai Deewani (2013) and Dear Zindagi (2016).                "
Sonu Sood,"https://m.media-amazon.com/images/M/MV5BZGI2MGUwYzQtZmVmNi00MDc3LWEwMzMtNTIzMWIzMDk5YzViL2ltYWdlXkEyXkFqcGdeQXVyMTExNDQ2MTI@._V1_UY209_CR10,0,140,209_AL_.jpg"," Jodhaa Akbar
","
    Sonu Sood was born in May 1973 to a entrepreneur and a teacher. He was born in Moga, Punjab but was raised in Nagpur. He has two sisters. He is an engineering graduate. He is married to Sonali and they have a son Ishaant. He was a Mr. India contestant. He is mainly known as the antagonist ...                "
Abhimanyu Singh,"https://m.media-amazon.com/images/M/MV5BNGNhMjA2OGYtYWE5MC00ZWQwLThjNmYtNzQ4ZmMwYzk2Y2I3XkEyXkFqcGdeQXVyMTExNDQ2MTI@._V1_UY209_CR97,0,140,209_AL_.jpg"," Gulaal
","
    Abhimanyu Singh is a producer and writer, known for The Abeer Color (2009), Sankat Mochan Mahabali Hanumaan (2015) and Theeran Adhigaram Ondru (2017).                "
Shreyas Talpade,"https://m.media-amazon.com/images/M/MV5BMjZhOTQzNTEtNGY4NS00ZmQxLThkMDEtM2M4NDVjMjc0MWNlXkEyXkFqcGdeQXVyMTExNDQ2MTI@._V1_UY209_CR12,0,140,209_AL_.jpg"," Om Shanti Om
","
    Shreyas Talpade was born on January 27, 1976 in Bombay, Maharashtra, India. He is an actor and director, known for Om Shanti Om (2007), Iqbal (2005) and Dor (2006).                "
Rajkummar Rao,"https://m.media-amazon.com/images/M/MV5BMzAxNWIzOWItMDM1NC00NGMyLWIwMDEtNWZjODEyOTFiZjQ4XkEyXkFqcGdeQXVyNjY1MTg4Mzc@._V1_UX140_CR0,0,140,209_AL_.jpg"," Shahid
","
    Raj Kumar is also known as Rajkummar Rao. He was born in Gurgaon. He finished his schooling in Gurgaon and graduated in Arts from Delhi University. He was simultaneously doing theatre with Kshitij Repertory and SRC in Delhi. He is an Acting graduate from Pune's Film and Television Institute of ...                "
Imran Khan,"https://m.media-amazon.com/images/M/MV5BMTk1MzY4MzgxM15BMl5BanBnXkFtZTgwMTgyMjkyODE@._V1_UY209_CR27,0,140,209_AL_.jpg"," Jaane Tu... Ya Jaane Na
","
    Imran Khan was born on January 13, 1983 in Madison, Wisconsin, USA as Imran Khan Pal. He is an actor and director, known for Jaane Tu... Ya Jaane Na (2008), Delhi Belly (2011) and Kidnap (2008). He has been married to Avantika Malik since January 10, 2011. They have one child.                "
Parvin Dabas,"https://m.media-amazon.com/images/M/MV5BZjUzMWY0YWMtNjcyNC00NDVjLTliMTgtY2VmNGFiNjNmYTA2XkEyXkFqcGdeQXVyNzAwNDkzNQ@@._V1_UY209_CR6,0,140,209_AL_.jpg"," Monsoon Wedding
","
    Parvin Dabas was born on July 12, 1974 in Delhi, India. He is an actor and producer, known for Monsoon Wedding (2001), My Name Is Khan (2010) and Khosla's Nest (2006). He has been married to Preeti Jhangiani since March 23, 2008.                "
Neil Nitin Mukesh,"https://m.media-amazon.com/images/M/MV5BZTlhZjVlNzMtMzlhOC00ZWJlLTg1NzItZTU5NDNmNzFhZWU0XkEyXkFqcGdeQXVyMjkxNzQ1NDI@._V1_UY209_CR0,0,140,209_AL_.jpg"," Johnny Gaddaar
","
    He had a normal childhood, like most other children. He graduated from HR College, with a B.Com degree. At his father's insistence, he has been very focused on his career since he was in the 12th standard. He did a 4-month workshop with Kishore Namit Kapoor and also at Anupam Kher's institute, ...                "
Rahul Bose,"https://m.media-amazon.com/images/M/MV5BMjE2MjY2ODY4N15BMl5BanBnXkFtZTgwNDcwMTE0OTE@._V1_UX140_CR0,0,140,209_AL_.jpg"," Everybody Says I'm Fine!
","
    Rahul Bose was born on July 27, 1967 in India. He is an actor and writer, known for Everybody Says I'm Fine! (2001), Split Wide Open (1999) and Poorna (2017).                "
Kunal Khemu,"https://m.media-amazon.com/images/M/MV5BMmJiYjIwODctYjZlMy00M2IzLWI2OTItNDRiODZkNzcxNzllXkEyXkFqcGdeQXVyMTExNDQ2MTI@._V1_UY209_CR4,0,140,209_AL_.jpg"," Go Goa Gone
","
    Kunal Khemu was born on May 25, 1983 in Srinagar, Jammu and Kashmir, India. He is an actor and writer, known for Go Goa Gone (2013), Kalyug (2005) and Blood Money (2012). He has been married to Soha Ali Khan since January 25, 2015.                "
Sanjay Suri,"https://m.media-amazon.com/images/M/MV5BYjJkMWM4OGQtODdhNC00ODcyLTgwM2MtN2E1NzRjZDBjMWVjXkEyXkFqcGdeQXVyNjY1MTg4Mzc@._V1_UY209_CR87,0,140,209_AL_.jpg"," Melghat Chronicles
","
    Acclaimed Actor-Producer and National Award Winner, Sanjay Suri born and raised in Srinagar (Kashmir), spent the first 20 years of his life in the Valley. Sanjay is credited with 30 features as an Actor and 7 features as a Producer. His filmography as an actor includes acclaimed films like "Firaag"...                "
Ravi Kishan,"https://m.media-amazon.com/images/M/MV5BMjAyMDczNzc4Ml5BMl5BanBnXkFtZTgwNDM4NDczMDE@._V1_UX140_CR0,0,140,209_AL_.jpg"," Raavan
","
    Ravi Kishan was born on July 17, 1971 in Bombay, Maharashtra, India as Ravi Kishan Shukla. He is an actor and producer, known for Raavan (2010), Agent Vinod (2012) and The Brawler (2017).                "
Kunal Kapoor,"https://m.media-amazon.com/images/M/MV5BODU5N2FmZGUtN2E0NS00NjY0LWE1ZTQtMDlkMmM3OGYyY2Y5XkEyXkFqcGdeQXVyMTExNDQ2MTI@._V1_UY209_CR6,0,140,209_AL_.jpg"," Rang De Basanti
","
    Kunal Kapoor was born on October 18, 1975 in New Delhi, India. He is an actor and assistant director, known for Rang De Basanti (2006), Don 2 (2011) and Dear Zindagi (2016).                "
Bobby Deol,"https://m.media-amazon.com/images/M/MV5BODA2ODQ5ODI3Nl5BMl5BanBnXkFtZTgwMDYwMDMzOTE@._V1_UY209_CR18,0,140,209_AL_.jpg"," Barsaat
","
    Bobby Deol (Vijay Singh Deol) is the second son of Bollywood mega-star Dharmendra. His older brother is another Bollywood mega-star, Sunny Deol. Deol began his career as a child artiste in the movie Dharam Veer (1977), playing a young Dharmendra.He has two step-sisters, namely Bollywood actress ...                "
Arbaaz Khan,"https://m.media-amazon.com/images/M/MV5BYTYzMzA2MjMtYTU3Ni00YWEwLWEzMTgtMDIwY2MzMTBlNDRmXkEyXkFqcGdeQXVyMTExNDQ2MTI@._V1_UY209_CR0,0,140,209_AL_.jpg"," Dabangg
","
    Arbaaz Khan was born on August 4, 1967 in Bombay, Maharashtra, India. He is an actor and producer, known for Fearless (2010), Fearless 2 (2012) and Daraar (1996). He was previously married to Malaika Arora.                "
Fardeen Khan,"https://m.media-amazon.com/images/M/MV5BNzQwMzg2NzU1MF5BMl5BanBnXkFtZTgwNDIxMjMzOTE@._V1_UX140_CR0,0,140,209_AL_.jpg"," Prem Aggan
","
    Fardeen Khan was born on March 8, 1972 in Bombay, Maharashtra, India. He is an actor, known for Prem Aggan (1998), No Entry (2005) and Jungle (2000). He has been married to Natasha Madhvani since December 14, 2005.                "
Zayed Khan,"https://m.media-amazon.com/images/M/MV5BMTA4NTg4NDQxMjheQTJeQWpwZ15BbWU4MDY0MzI4Mzkx._V1_UY209_CR87,0,140,209_AL_.jpg"," Main Hoon Na
","
    Zayed Khan's parents are former Bollywood actor Sanjay Khan and interior designer Zarine Khan. Khan is the youngest of four children. His older sisters are Simone Khan (wife of Ajay Arora), Sussanne Roshan (married to actor Hrithik Roshan), and Farah Khan Ali (wife of DJ Aqeel). Khan is related as ...                "
Sanjay Kapoor,"https://m.media-amazon.com/images/M/MV5BMTU0MjI0MjE2Ml5BMl5BanBnXkFtZTgwNTMzMjgzOTE@._V1_UX140_CR0,0,140,209_AL_.jpg"," Kal ho naa ho
","
    Sanjay Kapoor was born on October 17, 1965 in Bombay, Maharashtra, India. He is known for his work on Kal ho naa ho (2003), Soch (2002) and Om Shanti Om (2007). He has been married to Maheep Kapoor since 2002. They have two children. He was previously married to Nandita Mahtani.                "
Prateik,"https://m.media-amazon.com/images/M/MV5BNzI4OGIxMzktMDE1OC00MmI2LTk3NjQtMjE4ZDIzNzRiNjNjXkEyXkFqcGdeQXVyMTExNDQ2MTI@._V1_UY209_CR4,0,140,209_AL_.jpg"," Jaane Tu... Ya Jaane Na
","
    Prateik was born on November 28, 1986 in Bombay, Maharashtra, India. He is an actor, known for Jaane Tu... Ya Jaane Na (2008), Mumbai Diaries (2010) and Take a Shot (2011).                "
Harman Baweja,"https://m.media-amazon.com/images/M/MV5BMTUxMTkzMDU4OV5BMl5BanBnXkFtZTgwMjI4NzIxNzE@._V1_UX140_CR0,0,140,209_AL_.jpg"," Love Story 2050
","
    Harman hails from one of India's preeminent film families and cinema has been an integral part of his life since he was a boy.He debuted in Bollywood with "Love Story 2050", for which he was nominated for a Filmfare Award for Best Male Debut.Harman has appeared in several films since then, ...                "
Sohail Khan,"https://m.media-amazon.com/images/M/MV5BYmJjYjc5YWItYjRmZi00ZGFlLTg3YTMtOTZjZDc3YWRkZDg1XkEyXkFqcGdeQXVyMTExNDQ2MTI@._V1_UY209_CR8,0,140,209_AL_.jpg"," Pyaar Kiya To Darna Kya
","
    Sohail Khan was born on December 20, 1969 in Mumbai, Maharashtra, India. He is an actor and producer, known for Why Be Afraid of Love (1998), Let There Be Victory (2014) and Hello Brother (1999).                "
Rajat Barmecha,"https://m.media-amazon.com/images/M/MV5BMjA3NjgyMjIxNV5BMl5BanBnXkFtZTcwMTc3MzY0Mw@@._V1_UY209_CR87,0,140,209_AL_.jpg"," Udaan
","
    Rajat Barmecha is an Indian Film Actor.He was born in Ladnun, Rajasthan, and grew up in Delhi. He did his schooling and higher education from Bal Bharati Public School, Brij Vihar, Delhi. His passion for acting has been since his childhood days. Though his father holds a business background, he ...                "
Shiney Ahuja,"https://m.media-amazon.com/images/M/MV5BNjQ1MzU1ODA0MF5BMl5BanBnXkFtZTgwMzg5MTMzOTE@._V1_UX140_CR0,0,140,209_AL_.jpg"," Hazaaron Khwaishein Aisi
","
    Shiney Ahuja was born on May 15, 1973 in New Delhi, India. He is an actor, known for Hazaaron Khwaishein Aisi (2003), Gangster (2006) and Fanaa (2006). He is married to Anupam Pandey. They have one child.                "
